id,first_name,last_name,email,gender,ip_address
1,Petunia,Murdoch,pmurdoch0@cdc.gov,Bigender,214.180.252.173
2,Camala,Shoebrook,cshoebrook1@about.com,Agender,109.11.115.223
3,Brnaba,Crofts,bcrofts2@desdev.cn,Agender,229.46.82.225
4,Quintilla,Prazer,qprazer3@unicef.org,Polygender,194.64.101.75
5,Cairistiona,Hamm,chamm4@nymag.com,Polygender,80.56.64.74
6,Matthaeus,Brockhouse,mbrockhouse5@privacy.gov.au,Genderfluid,132.128.51.153
7,Jami,Haldane,jhaldane6@oakley.com,Bigender,65.71.234.255
8,Reese,Risman,rrisman7@google.co.jp,Agender,220.214.110.99
9,Guntar,Gierok,ggierok8@nih.gov,Polygender,226.9.221.114
10,Christabella,Hawes,chawes9@harvard.edu,Bigender,124.58.69.5
11,Robinet,Berford,rberforda@wikispaces.com,Bigender,157.98.61.1
12,Juliana,O'Hearn,johearnb@ca.gov,Bigender,219.239.80.34
13,Carly,Acott,cacottc@netscape.com,Agender,73.178.20.108
14,Arlen,Ismirnioglou,aismirniogloud@addthis.com,Genderqueer,248.122.185.108
15,Cosme,Cordell,ccordelle@smugmug.com,Genderqueer,219.183.185.36
16,Anne,Hunton,ahuntonf@ox.ac.uk,Male,242.151.75.36
17,Annalise,McPhelimey,amcphelimeyg@elegantthemes.com,Female,79.174.184.83
18,Shay,Pountain,spountainh@php.net,Agender,168.25.1.209
19,Constantin,Mariolle,cmariollei@studiopress.com,Genderqueer,56.44.151.99
20,Cordy,Shires,cshiresj@xinhuanet.com,Male,48.242.60.4
21,Rene,Monks,rmonksk@seesaa.net,Non-binary,36.222.157.135
22,Mallissa,Hainsworth,mhainsworthl@wikipedia.org,Agender,112.9.33.194
23,Jeromy,Ashman,jashmanm@berkeley.edu,Genderqueer,149.190.83.12
24,Kellie,Beville,kbevillen@yelp.com,Genderfluid,246.42.253.182
25,Zachary,Tuohy,ztuohyo@dell.com,Bigender,145.116.38.195
26,D'arcy,McIlhatton,dmcilhattonp@altervista.org,Agender,86.202.137.69
27,Saidee,Eisenberg,seisenbergq@theglobeandmail.com,Non-binary,210.100.35.125
28,Byron,List,blistr@ustream.tv,Polygender,226.80.228.223
29,Janelle,Easthope,jeasthopes@amazon.com,Genderqueer,130.4.137.190
30,Yelena,Baude,ybaudet@spotify.com,Male,176.184.194.148
31,Lyon,McAw,lmcawu@bravesites.com,Male,88.166.63.101
32,Dominick,Zanazzi,dzanazziv@go.com,Agender,227.152.217.194
33,Giustino,McVee,gmcveew@phpbb.com,Genderfluid,97.67.237.214
34,Orella,Jelliman,ojellimanx@usgs.gov,Non-binary,91.164.123.199
35,Rochell,Fielders,rfieldersy@answers.com,Bigender,58.253.133.136
36,Irvin,Beaconsall,ibeaconsallz@histats.com,Genderqueer,146.189.227.63
37,Orazio,Pinilla,opinilla10@indiatimes.com,Non-binary,139.24.103.178
38,Ringo,Clem,rclem11@ed.gov,Male,31.106.66.56
39,Hurleigh,Stango,hstango12@example.com,Genderqueer,223.7.159.75
40,Bruno,O'Flaverty,boflaverty13@nbcnews.com,Non-binary,213.23.68.55
41,Lydia,Crop,lcrop14@issuu.com,Male,26.210.192.138
42,Sibby,Knock,sknock15@cbc.ca,Male,163.250.3.64
43,Alla,Timby,atimby16@imdb.com,Female,120.232.80.132
44,Steve,Madsen,smadsen17@unc.edu,Female,175.200.210.46
45,Lombard,Rudgard,lrudgard18@cornell.edu,Bigender,223.181.132.215
46,Gabie,Keetley,gkeetley19@jiathis.com,Genderfluid,224.177.156.78
47,Kandy,Pillinger,kpillinger1a@wunderground.com,Genderfluid,38.124.209.27
48,Chad,Wegman,cwegman1b@dyndns.org,Agender,56.1.27.107
49,Vladamir,Trusse,vtrusse1c@buzzfeed.com,Non-binary,224.36.90.20
50,Damiano,Tucker,dtucker1d@fda.gov,Female,223.33.175.172
51,Iorgos,Murrish,imurrish1e@apple.com,Genderfluid,25.70.253.81
52,Mannie,Fusco,mfusco1f@artisteer.com,Bigender,230.208.134.216
53,Tawnya,Seel,tseel1g@fema.gov,Genderfluid,228.209.40.19
54,Alphard,Iggalden,aiggalden1h@shareasale.com,Polygender,0.28.169.2
55,Enos,Macourek,emacourek1i@indiatimes.com,Female,177.200.92.76
56,Lani,Wankel,lwankel1j@weather.com,Agender,195.70.143.46
57,Sarene,Trustrie,strustrie1k@sohu.com,Agender,220.59.216.12
58,Reinold,Feldharker,rfeldharker1l@columbia.edu,Bigender,114.101.211.5
59,Bunni,Noquet,bnoquet1m@mediafire.com,Male,229.159.0.0
60,Mavra,Heddon,mheddon1n@blogs.com,Genderqueer,105.197.156.193
61,Jethro,Whiffin,jwhiffin1o@is.gd,Male,197.146.194.243
62,Christyna,Lamberteschi,clamberteschi1p@hud.gov,Non-binary,109.78.76.157
63,Bevan,Boldry,bboldry1q@unicef.org,Male,75.36.152.200
64,Ives,Aleswell,ialeswell1r@soundcloud.com,Female,67.132.60.164
65,Juliana,Maymond,jmaymond1s@etsy.com,Non-binary,80.161.1.14
66,Arlyn,Melmeth,amelmeth1t@posterous.com,Genderqueer,165.198.196.36
67,Torrin,Cowope,tcowope1u@fda.gov,Genderfluid,80.241.200.46
68,Constantin,Cortese,ccortese1v@goo.gl,Genderqueer,241.74.144.30
69,Gina,Witcombe,gwitcombe1w@bravesites.com,Female,11.204.131.64
70,Dasha,Weatherley,dweatherley1x@mlb.com,Genderfluid,65.78.67.99
71,Gav,Brundall,gbrundall1y@psu.edu,Male,133.68.229.12
72,Halie,Leckie,hleckie1z@wiley.com,Non-binary,159.244.125.228
73,Lucina,Fortun,lfortun20@mac.com,Genderqueer,7.217.39.174
74,Osbert,Arnau,oarnau21@time.com,Bigender,228.1.78.171
75,Monro,Raft,mraft22@buzzfeed.com,Agender,113.208.179.190
76,Addia,Flecknell,aflecknell23@globo.com,Agender,222.175.85.150
77,Lora,Armsby,larmsby24@boston.com,Polygender,10.120.225.82
78,Celina,Paulig,cpaulig25@ameblo.jp,Non-binary,235.200.42.96
79,Flinn,Pracy,fpracy26@slate.com,Male,69.76.109.84
80,Elsinore,Simison,esimison27@clickbank.net,Male,95.244.204.238
81,Nestor,Sygroves,nsygroves28@sciencedaily.com,Genderqueer,41.41.29.106
82,Shandy,Sedgeman,ssedgeman29@reddit.com,Genderfluid,220.108.132.8
83,Rodie,Elion,relion2a@google.ca,Genderqueer,210.97.55.231
84,Marie-jeanne,Sammut,msammut2b@huffingtonpost.com,Male,55.16.48.171
85,Rikki,Boij,rboij2c@eepurl.com,Non-binary,187.195.137.115
86,Laurent,Caudray,lcaudray2d@vistaprint.com,Non-binary,150.214.161.126
87,Millisent,Jeeks,mjeeks2e@elpais.com,Non-binary,43.227.59.1
88,Lisha,Lain,llain2f@ucsd.edu,Genderqueer,55.129.88.66
89,Sydney,Madre,smadre2g@tuttocitta.it,Polygender,135.48.197.4
90,Prisca,Gniewosz,pgniewosz2h@etsy.com,Male,11.221.96.141
91,Locke,Christophersen,lchristophersen2i@tumblr.com,Genderfluid,142.130.113.165
92,Paola,Obin,pobin2j@scientificamerican.com,Bigender,232.186.36.40
93,Jock,Napleton,jnapleton2k@eepurl.com,Male,126.63.127.249
94,Tab,Furmedge,tfurmedge2l@canalblog.com,Non-binary,183.146.71.80
95,Marthena,Durward,mdurward2m@xing.com,Polygender,81.138.219.15
96,Kira,Dettmar,kdettmar2n@soup.io,Polygender,216.128.164.214
97,Mose,Surman,msurman2o@archive.org,Female,19.86.184.124
98,Evaleen,Le Guin,eleguin2p@printfriendly.com,Genderfluid,244.30.210.2
99,Otho,Hardman,ohardman2q@npr.org,Female,232.24.209.249
100,Evangeline,Brandsen,ebrandsen2r@bloglovin.com,Genderqueer,248.174.139.227
101,Karita,Bartomieu,kbartomieu2s@dion.ne.jp,Agender,104.190.149.50
102,Max,McDonnell,mmcdonnell2t@pbs.org,Non-binary,73.45.79.202
103,Fedora,Chadwyck,fchadwyck2u@msu.edu,Non-binary,222.103.249.151
104,Laina,Yanez,lyanez2v@epa.gov,Genderfluid,135.1.206.136
105,Reuben,Phillput,rphillput2w@g.co,Genderfluid,56.26.211.236
106,Philipa,Mouser,pmouser2x@networkadvertising.org,Male,232.83.143.196
107,Olympie,Gairdner,ogairdner2y@bloglines.com,Polygender,6.154.226.134
108,Brade,Gregolotti,bgregolotti2z@vimeo.com,Male,122.64.141.94
109,Isador,Exposito,iexposito30@stumbleupon.com,Genderqueer,182.217.6.172
110,Neddie,McCaighey,nmccaighey31@pbs.org,Male,83.100.199.163
111,Haydon,Madders,hmadders32@constantcontact.com,Genderqueer,229.205.66.120
112,Monique,Cotty,mcotty33@godaddy.com,Genderfluid,120.115.11.61
113,Rodrick,Beckett,rbeckett34@twitpic.com,Male,185.184.230.22
114,Erhart,Chittim,echittim35@usnews.com,Bigender,230.88.227.191
115,Lenee,Velte,lvelte36@columbia.edu,Non-binary,162.178.147.7
116,Ami,Steel,asteel37@diigo.com,Genderfluid,16.241.33.99
117,Shelton,Severs,ssevers38@netscape.com,Agender,137.98.84.174
118,Merissa,Salterne,msalterne39@arstechnica.com,Agender,181.48.133.62
119,Brunhilda,Valentin,bvalentin3a@umich.edu,Polygender,41.147.126.32
120,Alleyn,Coburn,acoburn3b@quantcast.com,Bigender,79.23.23.149
121,Mervin,Albrooke,malbrooke3c@ted.com,Non-binary,57.175.177.41
122,Trent,Harbach,tharbach3d@microsoft.com,Non-binary,186.1.135.217
123,Cary,Siggs,csiggs3e@yahoo.com,Male,109.152.158.252
124,Delinda,Courteney,dcourteney3f@comcast.net,Polygender,78.173.212.152
125,Shea,Newell,snewell3g@behance.net,Female,153.178.161.109
126,Cindy,Scheu,cscheu3h@mac.com,Genderqueer,163.53.139.96
127,Afton,Elliman,aelliman3i@pcworld.com,Genderqueer,74.116.173.65
128,Willy,Tschirschky,wtschirschky3j@ameblo.jp,Agender,72.71.132.46
129,Murielle,Vise,mvise3k@xrea.com,Genderfluid,84.84.180.198
130,Wallas,Bagenal,wbagenal3l@xing.com,Polygender,37.105.227.99
131,Mechelle,Edinburough,medinburough3m@adobe.com,Female,177.184.212.78
132,Beverie,Grivori,bgrivori3n@about.me,Non-binary,246.67.255.112
133,Cale,Livick,clivick3o@sciencedirect.com,Female,200.0.118.121
134,Kizzee,Dunderdale,kdunderdale3p@amazon.co.uk,Agender,165.178.76.77
135,Doll,Hirsthouse,dhirsthouse3q@artisteer.com,Polygender,107.254.150.94
136,Sibbie,Schachter,sschachter3r@eepurl.com,Agender,167.109.154.43
137,Meagan,Hartrick,mhartrick3s@istockphoto.com,Polygender,81.101.100.106
138,Melitta,O'Drought,modrought3t@1688.com,Male,56.178.137.29
139,Susanne,Semered,ssemered3u@myspace.com,Non-binary,170.237.212.164
140,Angelica,Cridge,acridge3v@ehow.com,Agender,154.193.127.228
141,Flore,Emanuele,femanuele3w@posterous.com,Female,165.196.229.2
142,Phineas,Bamsey,pbamsey3x@moonfruit.com,Bigender,35.61.163.132
143,Alverta,Kirwood,akirwood3y@uol.com.br,Genderfluid,153.192.45.183
144,Colet,Tithecott,ctithecott3z@sciencedirect.com,Male,141.151.217.202
145,Deni,Brabon,dbrabon40@state.tx.us,Non-binary,70.40.44.112
146,Georas,Braisted,gbraisted41@sourceforge.net,Non-binary,241.56.113.151
147,Isidoro,Brownsill,ibrownsill42@netscape.com,Genderqueer,96.227.76.30
148,Kaela,Dabinett,kdabinett43@eventbrite.com,Female,231.247.133.144
149,Amelita,Gianulli,agianulli44@about.com,Non-binary,154.249.192.141
150,Seumas,Boodell,sboodell45@hp.com,Male,193.227.75.93
151,Kaylee,Myhan,kmyhan46@deviantart.com,Bigender,125.39.144.97
152,Elka,Mc Curlye,emccurlye47@globo.com,Genderqueer,58.73.251.188
153,Harlin,Klaffs,hklaffs48@addtoany.com,Genderfluid,28.93.34.135
154,Sammie,Cosker,scosker49@admin.ch,Male,30.103.222.225
155,Cullin,Gleader,cgleader4a@globo.com,Bigender,15.94.32.25
156,Wolfy,Crosoer,wcrosoer4b@ycombinator.com,Female,216.128.139.215
157,Erik,Lusted,elusted4c@bluehost.com,Bigender,116.133.248.181
158,Binnie,Knellen,bknellen4d@ucoz.ru,Male,233.115.176.79
159,Tom,Winney,twinney4e@engadget.com,Polygender,152.7.110.98
160,Jannel,Syversen,jsyversen4f@disqus.com,Agender,27.96.75.247
161,Kizzee,Cockshott,kcockshott4g@epa.gov,Bigender,209.178.231.248
162,Hilde,Kohrs,hkohrs4h@diigo.com,Bigender,73.85.127.128
163,Huntley,Astlatt,hastlatt4i@discovery.com,Non-binary,109.118.33.10
164,Remington,Wyss,rwyss4j@fema.gov,Genderfluid,142.248.247.102
165,Odella,Benedidick,obenedidick4k@php.net,Bigender,140.49.240.249
166,Rudyard,Eastcott,reastcott4l@smugmug.com,Agender,91.214.69.218
167,Prudy,Ockland,pockland4m@goo.gl,Agender,234.205.192.133
168,Brittany,Niles,bniles4n@cisco.com,Male,240.28.140.19
169,Gretna,Hanster,ghanster4o@aol.com,Non-binary,188.113.48.200
170,Clemmy,Biagini,cbiagini4p@behance.net,Genderqueer,164.122.0.169
171,Manfred,Works,mworks4q@google.co.uk,Female,121.90.87.190
172,Emanuel,Kalewe,ekalewe4r@google.com.br,Genderqueer,127.191.137.197
173,Linn,Parzis,lparzis4s@independent.co.uk,Female,105.204.182.98
174,Tillie,Lapworth,tlapworth4t@mit.edu,Genderfluid,207.20.20.128
175,Germayne,St. Clair,gstclair4u@google.ru,Male,126.221.118.50
176,Jenda,Frome,jfrome4v@bbc.co.uk,Female,23.213.96.126
177,Roy,Crim,rcrim4w@reddit.com,Genderfluid,139.157.177.123
178,Karlens,Daines,kdaines4x@wordpress.org,Agender,68.74.63.27
179,Alonzo,Rule,arule4y@cisco.com,Genderfluid,66.113.177.246
180,Peggy,Sillett,psillett4z@simplemachines.org,Agender,61.23.149.16
181,Glen,Shynn,gshynn50@issuu.com,Bigender,249.245.111.1
182,Haily,Boadby,hboadby51@cargocollective.com,Female,10.203.88.210
183,Dulsea,Hallen,dhallen52@4shared.com,Male,99.142.202.190
184,Phelia,Stannislawski,pstannislawski53@opensource.org,Male,78.72.122.146
185,Tuck,Dabourne,tdabourne54@flickr.com,Genderqueer,151.251.151.248
186,Darlene,Yarwood,dyarwood55@uiuc.edu,Bigender,81.241.105.229
187,Faye,Bartolommeo,fbartolommeo56@usgs.gov,Polygender,251.109.223.110
188,Saraann,Cholmondeley,scholmondeley57@cbc.ca,Male,108.74.93.154
189,Tasia,Meeus,tmeeus58@shop-pro.jp,Polygender,187.126.204.233
190,Igor,Raund,iraund59@people.com.cn,Genderqueer,246.245.99.53
191,Starlene,Moore,smoore5a@purevolume.com,Genderqueer,210.243.52.171
192,Silvia,Loutheane,sloutheane5b@blogs.com,Bigender,154.99.44.20
193,Candace,Habin,chabin5c@phpbb.com,Genderfluid,73.184.171.230
194,Ariel,Carvell,acarvell5d@flickr.com,Female,66.241.91.142
195,Haydon,Ackrill,hackrill5e@constantcontact.com,Non-binary,98.49.60.141
196,Colan,Kharchinski,ckharchinski5f@blogger.com,Polygender,225.9.127.161
197,Kerrin,Cross,kcross5g@alibaba.com,Genderfluid,155.13.135.186
198,Crawford,Limmer,climmer5h@yellowbook.com,Polygender,189.78.241.188
199,Shirleen,Roydon,sroydon5i@ucoz.com,Non-binary,109.8.30.182
200,Kym,Holworth,kholworth5j@msn.com,Female,244.101.251.182
201,Ode,Dorr,odorr5k@jugem.jp,Agender,121.71.17.52
202,Liane,Hallan,lhallan5l@cdc.gov,Agender,91.16.224.210
203,Peirce,Bougourd,pbougourd5m@bloomberg.com,Female,68.241.205.150
204,Myles,Unwin,munwin5n@chicagotribune.com,Non-binary,22.86.131.18
205,Bonny,Mishow,bmishow5o@taobao.com,Genderfluid,0.251.49.147
206,Humphrey,Panyer,hpanyer5p@cnbc.com,Genderfluid,221.201.3.76
207,Sarette,Deveraux,sdeveraux5q@huffingtonpost.com,Agender,31.42.138.36
208,Jillane,Soane,jsoane5r@marketwatch.com,Genderfluid,186.119.177.172
209,Omero,Swinyard,oswinyard5s@wikispaces.com,Polygender,107.29.118.228
210,Dennie,Malmar,dmalmar5t@pinterest.com,Bigender,224.111.74.26
211,Ransom,McGregor,rmcgregor5u@earthlink.net,Bigender,240.73.46.224
212,Julina,Maling,jmaling5v@cpanel.net,Male,0.4.0.250
213,Gerhardt,Brayn,gbrayn5w@creativecommons.org,Agender,108.212.102.29
214,Normie,Ennor,nennor5x@domainmarket.com,Genderqueer,253.200.113.171
215,Aigneis,Paquet,apaquet5y@youtu.be,Female,80.83.249.70
216,Ezechiel,Simonitto,esimonitto5z@ezinearticles.com,Agender,13.138.53.28
217,Shelby,Pitson,spitson60@epa.gov,Male,197.48.158.38
218,Benita,Medlicott,bmedlicott61@surveymonkey.com,Agender,116.205.174.146
219,Sallyanne,Bauser,sbauser62@reference.com,Non-binary,45.105.133.198
220,Rani,Lilleman,rlilleman63@npr.org,Genderfluid,130.28.122.21
221,Emmalee,Lendrem,elendrem64@icq.com,Female,122.72.92.53
222,Rafaello,Geffen,rgeffen65@dedecms.com,Genderqueer,56.179.93.126
223,Merry,Janaszewski,mjanaszewski66@devhub.com,Genderqueer,201.88.58.39
224,Malorie,Kubala,mkubala67@posterous.com,Genderqueer,175.113.230.13
225,Winnifred,Bradly,wbradly68@123-reg.co.uk,Agender,250.122.178.80
226,Devora,Rushbrook,drushbrook69@addthis.com,Polygender,66.148.236.230
227,Fulton,Quantrill,fquantrill6a@ustream.tv,Polygender,37.253.46.122
228,Celia,Reskelly,creskelly6b@bizjournals.com,Genderqueer,232.129.209.63
229,Murial,Duerden,mduerden6c@hao123.com,Non-binary,178.163.248.69
230,Rodrick,Simondson,rsimondson6d@oracle.com,Polygender,209.27.68.145
231,Bernita,Chidler,bchidler6e@imdb.com,Female,131.247.177.100
232,Estel,Godsell,egodsell6f@istockphoto.com,Non-binary,1.116.162.215
233,Desmund,Wyvill,dwyvill6g@geocities.com,Agender,106.42.244.180
234,Rosalynd,Torritti,rtorritti6h@theguardian.com,Polygender,196.27.26.184
235,Barrie,Jirusek,bjirusek6i@wordpress.org,Bigender,113.150.134.57
236,Evered,Dubois,edubois6j@epa.gov,Non-binary,245.101.86.65
237,Guy,Dodgshun,gdodgshun6k@fda.gov,Non-binary,241.177.71.168
238,Morie,Moohan,mmoohan6l@vkontakte.ru,Polygender,72.76.202.38
239,Moritz,Ellison,mellison6m@bbc.co.uk,Polygender,112.1.239.190
240,Lynna,Bartholat,lbartholat6n@omniture.com,Agender,54.216.132.183
241,Hagan,Briton,hbriton6o@wikimedia.org,Genderqueer,36.140.193.36
242,Anatol,Noddings,anoddings6p@dedecms.com,Bigender,21.191.158.217
243,Del,Swalteridge,dswalteridge6q@domainmarket.com,Genderqueer,128.68.141.247
244,Tessy,Heisler,theisler6r@360.cn,Non-binary,243.59.247.129
245,Bibi,Musprat,bmusprat6s@nature.com,Bigender,11.145.108.25
246,Shelagh,Broadway,sbroadway6t@reddit.com,Polygender,254.8.117.58
247,Debi,Darey,ddarey6u@paginegialle.it,Agender,112.39.220.19
248,Marlon,Blacktin,mblacktin6v@nasa.gov,Genderqueer,172.118.80.61
249,Allx,Steptoe,asteptoe6w@360.cn,Agender,192.238.252.140
250,Donnamarie,Laying,dlaying6x@scientificamerican.com,Non-binary,81.125.144.73
251,Helene,Heers,hheers6y@guardian.co.uk,Polygender,131.71.153.106
252,Nataniel,Blindermann,nblindermann6z@epa.gov,Female,83.162.82.91
253,Clarabelle,Bachnic,cbachnic70@booking.com,Female,17.27.3.243
254,Nichols,Donavan,ndonavan71@craigslist.org,Genderfluid,136.138.234.216
255,Carmelita,Schettini,cschettini72@mac.com,Genderfluid,248.158.115.205
256,Alexia,Frangione,afrangione73@creativecommons.org,Bigender,252.83.97.167
257,Erskine,Riseam,eriseam74@flickr.com,Agender,94.24.182.51
258,Bonnee,Vaulkhard,bvaulkhard75@jugem.jp,Genderqueer,121.120.235.145
259,Sherman,Benedicto,sbenedicto76@shutterfly.com,Bigender,245.157.60.191
260,Pearla,Dytham,pdytham77@ft.com,Non-binary,132.250.105.31
261,Cesare,Vassar,cvassar78@stanford.edu,Female,223.151.136.225
262,Bibi,Kilfeder,bkilfeder79@blogger.com,Genderqueer,77.182.250.73
263,Shay,Biaggetti,sbiaggetti7a@fotki.com,Agender,71.199.27.17
264,Eudora,McNirlin,emcnirlin7b@businessweek.com,Genderfluid,254.249.28.148
265,Kirby,Cattrall,kcattrall7c@ovh.net,Genderqueer,27.33.214.187
266,Lanni,Bosma,lbosma7d@homestead.com,Genderfluid,8.111.33.122
267,Abbot,MacGebenay,amacgebenay7e@cdc.gov,Bigender,36.78.66.242
268,Stefano,Saker,ssaker7f@engadget.com,Male,250.159.70.131
269,Marsh,Tainton,mtainton7g@techcrunch.com,Genderfluid,68.5.203.2
270,Florette,Fearnyhough,ffearnyhough7h@redcross.org,Non-binary,50.146.139.139
271,Diannne,Spellman,dspellman7i@nature.com,Genderfluid,23.16.80.144
272,Kirstyn,Baff,kbaff7j@cpanel.net,Agender,204.217.99.83
273,Dayle,Zoellner,dzoellner7k@bandcamp.com,Male,8.114.19.93
274,Nial,Mitchenson,nmitchenson7l@blogger.com,Bigender,45.73.117.248
275,Lynnette,Chevin,lchevin7m@bigcartel.com,Non-binary,63.42.63.73
276,Giulietta,Bertot,gbertot7n@ucoz.com,Non-binary,208.221.9.16
277,Carol,Faltin,cfaltin7o@wordpress.org,Agender,120.11.35.159
278,Onfre,Redmore,oredmore7p@indiegogo.com,Female,95.243.219.117
279,Tabina,Skowcraft,tskowcraft7q@ucoz.com,Agender,203.123.241.179
280,Winnie,Gotcher,wgotcher7r@nih.gov,Male,59.88.178.172
281,Gillie,Toolin,gtoolin7s@barnesandnoble.com,Male,185.137.124.228
282,Laurette,Heggadon,lheggadon7t@bbc.co.uk,Bigender,142.242.249.223
283,Fonsie,Cady,fcady7u@jugem.jp,Genderqueer,173.10.221.12
284,Korey,Caughan,kcaughan7v@walmart.com,Agender,23.184.173.84
285,Keene,Cristofor,kcristofor7w@tmall.com,Male,224.1.225.191
286,Laural,Fridd,lfridd7x@telegraph.co.uk,Polygender,167.50.156.224
287,Garvey,Simenon,gsimenon7y@typepad.com,Genderqueer,79.246.70.227
288,Aland,Alenikov,aalenikov7z@zdnet.com,Female,220.252.180.138
289,Ode,Marshfield,omarshfield80@w3.org,Genderqueer,72.96.94.36
290,Brittni,Sreenan,bsreenan81@youtube.com,Male,42.251.224.74
291,Reinwald,Drewe,rdrewe82@trellian.com,Bigender,189.33.209.103
292,Angy,Hillburn,ahillburn83@bloomberg.com,Agender,249.17.46.167
293,Micheal,Beazey,mbeazey84@usatoday.com,Genderfluid,245.193.14.243
294,Gus,Hamblett,ghamblett85@live.com,Female,41.105.240.179
295,Rycca,Dimmack,rdimmack86@netvibes.com,Non-binary,11.6.60.122
296,Zack,Origin,zorigin87@globo.com,Agender,155.27.54.246
297,Edithe,Lynnitt,elynnitt88@free.fr,Bigender,217.42.174.40
298,Beryle,Malek,bmalek89@arizona.edu,Agender,13.175.79.55
299,Ammamaria,Bonny,abonny8a@kickstarter.com,Agender,251.187.23.69
300,Bert,Jacobowits,bjacobowits8b@cnn.com,Polygender,181.141.76.124
301,Dell,McTeggart,dmcteggart8c@hexun.com,Genderfluid,1.126.110.41
302,Read,Huyche,rhuyche8d@edublogs.org,Agender,104.4.35.59
303,Humberto,Behling,hbehling8e@etsy.com,Male,59.232.13.180
304,Starlene,Lobley,slobley8f@bbc.co.uk,Bigender,107.7.28.22
305,Bondon,Hapke,bhapke8g@google.com.hk,Male,207.174.79.67
306,Alysa,Dick,adick8h@indiegogo.com,Genderqueer,80.246.48.3
307,Granny,McIlmorie,gmcilmorie8i@zimbio.com,Genderqueer,180.156.44.51
308,Sherman,Gonsalvo,sgonsalvo8j@woothemes.com,Non-binary,184.245.120.198
309,Filippa,Annable,fannable8k@twitpic.com,Non-binary,157.167.161.229
310,Salvatore,Ripley,sripley8l@state.tx.us,Female,79.183.227.84
311,Yolande,Searl,ysearl8m@friendfeed.com,Polygender,81.153.147.61
312,Katha,Sandon,ksandon8n@elpais.com,Agender,176.90.130.143
313,Rodie,Espinal,respinal8o@behance.net,Genderqueer,157.27.245.245
314,Heda,Gabrieli,hgabrieli8p@aol.com,Agender,146.17.244.155
315,Kiah,Shelper,kshelper8q@e-recht24.de,Bigender,27.223.151.50
316,Abram,Toke,atoke8r@google.fr,Agender,101.90.157.195
317,Oona,Colquete,ocolquete8s@chron.com,Agender,103.251.19.236
318,Dolph,Fenney,dfenney8t@cisco.com,Genderqueer,136.157.40.152
319,Emmerich,Travis,etravis8u@paypal.com,Female,174.128.109.240
320,Aurthur,Ridgers,aridgers8v@ftc.gov,Polygender,239.246.88.92
321,Concordia,Walker,cwalker8w@goodreads.com,Male,144.12.14.191
322,Nancy,Bayston,nbayston8x@webmd.com,Male,160.16.21.163
323,Gibby,Papen,gpapen8y@nba.com,Agender,191.184.224.114
324,Augy,Murch,amurch8z@yolasite.com,Polygender,136.56.27.16
325,Federico,Paoloni,fpaoloni90@uol.com.br,Non-binary,36.128.34.129
326,Orrin,Eynaud,oeynaud91@loc.gov,Agender,44.89.142.137
327,Elianore,McCunn,emccunn92@blinklist.com,Female,93.190.252.9
328,Lesli,Laytham,llaytham93@si.edu,Polygender,193.216.181.238
329,Jacenta,Jorioz,jjorioz94@japanpost.jp,Genderfluid,101.129.2.227
330,Archaimbaud,Armall,aarmall95@blog.com,Genderqueer,2.185.48.225
331,Abigail,Pucker,apucker96@xinhuanet.com,Polygender,37.0.212.42
332,Angus,Cosley,acosley97@google.ca,Agender,68.250.87.211
333,Hollis,Vasilkov,hvasilkov98@house.gov,Genderqueer,33.160.13.186
334,Pattin,Marney,pmarney99@paypal.com,Agender,106.241.73.39
335,Kienan,Dudeney,kdudeney9a@statcounter.com,Bigender,169.50.186.224
336,Tarrance,Theml,ttheml9b@parallels.com,Genderqueer,113.59.170.255
337,Lorette,Bestwick,lbestwick9c@nyu.edu,Male,69.168.61.29
338,Horacio,Tathacott,htathacott9d@telegraph.co.uk,Genderfluid,45.89.230.36
339,Rollins,Tellenbroker,rtellenbroker9e@linkedin.com,Polygender,196.81.207.196
340,Romona,Harsnipe,rharsnipe9f@ustream.tv,Female,19.79.220.232
341,Melinde,Hallward,mhallward9g@google.com,Female,9.100.122.70
342,Hogan,Aymes,haymes9h@plala.or.jp,Bigender,23.190.23.229
343,Xerxes,Corington,xcorington9i@earthlink.net,Non-binary,11.99.72.238
344,Jsandye,Auden,jauden9j@edublogs.org,Genderfluid,18.37.32.135
345,Gamaliel,O'Flannery,goflannery9k@ibm.com,Bigender,77.89.163.103
346,Zerk,Rutt,zrutt9l@tumblr.com,Genderfluid,19.99.43.243
347,Curran,Maylard,cmaylard9m@addthis.com,Non-binary,92.72.224.193
348,Thorny,McCloughen,tmccloughen9n@networkadvertising.org,Male,211.244.201.3
349,Ty,Piola,tpiola9o@qq.com,Genderfluid,45.32.90.175
350,Leon,Aubry,laubry9p@mtv.com,Agender,146.128.106.182
351,Dory,Summerhayes,dsummerhayes9q@economist.com,Genderqueer,18.207.58.73
352,Gwennie,Menel,gmenel9r@wikimedia.org,Bigender,251.51.44.140
353,Jenelle,Anscombe,janscombe9s@springer.com,Bigender,238.106.127.136
354,Trefor,Espinay,tespinay9t@narod.ru,Genderfluid,18.65.41.95
355,Mariya,Frangello,mfrangello9u@uiuc.edu,Bigender,33.231.179.156
356,Xavier,Skiggs,xskiggs9v@shareasale.com,Non-binary,88.112.189.67
357,Herrick,Salmoni,hsalmoni9w@bbc.co.uk,Genderfluid,186.92.28.95
358,Jena,Chapier,jchapier9x@i2i.jp,Agender,71.136.229.31
359,Bart,Norewood,bnorewood9y@woothemes.com,Non-binary,248.237.129.34
360,Adelheid,Teasdale-Markie,ateasdalemarkie9z@usatoday.com,Agender,48.145.113.123
361,Tod,Rosendall,trosendalla0@wunderground.com,Genderfluid,6.231.157.128
362,Abby,Rudall,arudalla1@purevolume.com,Male,72.121.249.252
363,Ayn,Guess,aguessa2@free.fr,Genderfluid,170.242.185.119
364,Cynthia,Linthead,clintheada3@apple.com,Polygender,184.95.5.9
365,Almeda,Sturgess,asturgessa4@ibm.com,Agender,162.186.231.35
366,Dickie,Rigge,driggea5@shutterfly.com,Bigender,209.225.97.255
367,Joel,Silman,jsilmana6@163.com,Genderqueer,60.77.116.227
368,Nollie,Giraudot,ngiraudota7@earthlink.net,Bigender,16.54.216.100
369,Genevieve,Gorse,ggorsea8@huffingtonpost.com,Male,58.208.115.253
370,Mahmoud,Batrim,mbatrima9@symantec.com,Male,12.177.60.16
371,Keelia,Tompion,ktompionaa@yellowpages.com,Non-binary,159.224.168.186
372,Rudolfo,Martinon,rmartinonab@abc.net.au,Male,147.160.49.154
373,Agosto,Garmey,agarmeyac@simplemachines.org,Polygender,43.199.219.255
374,Helyn,Keaveny,hkeavenyad@huffingtonpost.com,Genderfluid,131.230.107.246
375,Aimee,Millimoe,amillimoeae@dyndns.org,Female,136.50.20.32
376,Gianna,Stendell,gstendellaf@free.fr,Female,13.244.186.209
377,Elbert,Simison,esimisonag@tuttocitta.it,Bigender,180.251.216.87
378,Dougie,Dudeney,ddudeneyah@chicagotribune.com,Male,201.81.255.0
379,Dov,Carnelley,dcarnelleyai@cnet.com,Bigender,26.60.250.67
380,Marietta,Whitebread,mwhitebreadaj@networksolutions.com,Male,207.63.173.224
381,Newton,Esmonde,nesmondeak@domainmarket.com,Bigender,250.239.16.90
382,Maridel,Jirsa,mjirsaal@yellowbook.com,Genderqueer,210.240.230.83
383,Adolphus,Annetts,aannettsam@storify.com,Polygender,255.83.243.117
384,Tandie,Bagot,tbagotan@bbb.org,Bigender,83.255.25.208
385,Gardiner,Braksper,gbraksperao@constantcontact.com,Male,222.62.79.127
386,Diego,McCullouch,dmccullouchap@domainmarket.com,Female,233.154.179.36
387,Mikey,Bernetti,mbernettiaq@wikimedia.org,Non-binary,129.110.25.123
388,Gerrilee,Ryce,grycear@npr.org,Female,138.164.129.139
389,Tully,Sproule,tsprouleas@unicef.org,Genderqueer,207.31.178.63
390,Berton,Grinval,bgrinvalat@redcross.org,Genderqueer,57.95.122.248
391,Arleta,Saltern,asalternau@google.com.hk,Agender,74.133.234.10
392,Esra,Parcell,eparcellav@ameblo.jp,Genderqueer,252.173.73.37
393,Deeanne,Croxley,dcroxleyaw@dropbox.com,Female,225.170.11.151
394,Willamina,Innett,winnettax@craigslist.org,Genderqueer,26.30.82.175
395,Christiano,Mellody,cmellodyay@indiatimes.com,Agender,146.73.109.191
396,Godfrey,Cotman,gcotmanaz@nyu.edu,Non-binary,234.28.182.254
397,Briano,Rodders,broddersb0@hubpages.com,Non-binary,7.12.171.231
398,Valentina,Sperski,vsperskib1@comcast.net,Bigender,206.175.98.112
399,Moss,Maudlin,mmaudlinb2@sakura.ne.jp,Agender,187.131.106.104
400,Karim,Spatari,kspatarib3@stumbleupon.com,Genderfluid,237.122.17.73
401,Kelli,Giabucci,kgiabuccib4@typepad.com,Female,143.48.198.71
402,Etienne,Tedorenko,etedorenkob5@reverbnation.com,Genderqueer,68.146.51.106
403,Katinka,Garric,kgarricb6@microsoft.com,Male,36.119.228.105
404,Fifi,Masi,fmasib7@reddit.com,Non-binary,49.2.76.137
405,Odetta,Thackham,othackhamb8@list-manage.com,Genderfluid,41.119.80.113
406,Dorine,Antliff,dantliffb9@fotki.com,Female,19.248.198.194
407,Chrissie,Darwin,cdarwinba@oakley.com,Genderfluid,217.86.42.241
408,Luella,LAbbet,llabbetbb@phpbb.com,Genderqueer,18.138.174.184
409,Torre,Peskett,tpeskettbc@europa.eu,Female,25.129.127.82
410,Norrie,Moncrefe,nmoncrefebd@oracle.com,Female,11.223.7.20
411,Link,Pedro,lpedrobe@dion.ne.jp,Male,146.70.108.103
412,Jonah,Stivens,jstivensbf@diigo.com,Non-binary,206.139.45.8
413,Antony,Thredder,athredderbg@engadget.com,Bigender,51.244.230.29
414,Charo,Thebeau,cthebeaubh@go.com,Female,122.170.14.90
415,Malachi,Loukes,mloukesbi@deliciousdays.com,Female,97.216.182.141
416,Margot,Sidle,msidlebj@google.de,Genderfluid,15.229.116.54
417,Vivia,Fearnehough,vfearnehoughbk@state.tx.us,Bigender,95.5.139.218
418,Loreen,O' Clovan,loclovanbl@independent.co.uk,Male,35.125.92.64
419,Al,Gettone,agettonebm@sciencedirect.com,Bigender,231.8.67.167
420,Rozalie,Kindley,rkindleybn@linkedin.com,Genderfluid,38.85.239.157
421,Perle,Petroff,ppetroffbo@nps.gov,Male,111.19.164.148
422,Averill,Boothe,aboothebp@weather.com,Agender,157.23.184.136
423,Deni,Riddett,driddettbq@sogou.com,Polygender,55.171.69.60
424,Velma,Tether,vtetherbr@huffingtonpost.com,Agender,125.39.132.85
425,Orville,Gramer,ogramerbs@globo.com,Male,22.77.132.130
426,Philis,Austins,paustinsbt@wikispaces.com,Agender,107.65.58.203
427,Vallie,Kinnin,vkinninbu@instagram.com,Genderfluid,190.8.221.167
428,Marieann,Edscer,medscerbv@myspace.com,Male,170.162.214.222
429,Geoffry,Corrigan,gcorriganbw@cdbaby.com,Non-binary,223.71.175.64
430,Pepillo,Songist,psongistbx@hostgator.com,Genderqueer,42.206.40.244
431,Jany,Foy,jfoyby@hubpages.com,Agender,102.32.44.59
432,Son,Deavin,sdeavinbz@constantcontact.com,Genderfluid,118.32.208.30
433,Markus,Lammas,mlammasc0@e-recht24.de,Genderfluid,109.216.161.118
434,Donella,Giffin,dgiffinc1@tripod.com,Agender,75.195.227.241
435,Ferguson,Charlewood,fcharlewoodc2@surveymonkey.com,Bigender,105.185.195.135
436,Erminie,Rodder,erodderc3@tripadvisor.com,Non-binary,118.10.90.199
437,Cherey,Hyam,chyamc4@nhs.uk,Non-binary,112.85.101.80
438,Delilah,Muller,dmullerc5@chronoengine.com,Female,110.25.148.113
439,Florian,Scutter,fscutterc6@pbs.org,Male,246.83.31.55
440,Velma,Boggs,vboggsc7@walmart.com,Polygender,179.11.140.185
441,Evita,Parsell,eparsellc8@imageshack.us,Agender,183.20.92.126
442,Bebe,Cleveland,bclevelandc9@mit.edu,Agender,50.229.207.217
443,Roslyn,Ginnell,rginnellca@vinaora.com,Female,197.142.122.214
444,Marian,Brisley,mbrisleycb@slideshare.net,Non-binary,73.16.227.46
445,Aland,Bourdel,abourdelcc@addthis.com,Non-binary,55.7.77.125
446,Krishnah,Matzke,kmatzkecd@newyorker.com,Genderfluid,47.96.211.8
447,Kathye,Brazenor,kbrazenorce@google.com,Bigender,152.173.46.184
448,Cullen,Crucitti,ccrucitticf@hibu.com,Genderqueer,170.58.125.139
449,Luca,Cottesford,lcottesfordcg@buzzfeed.com,Bigender,167.48.96.201
450,Sigvard,Radoux,sradouxch@home.pl,Non-binary,168.108.206.209
451,Giana,Bulcroft,gbulcroftci@ustream.tv,Male,146.180.93.217
452,Romeo,Janoch,rjanochcj@dailymotion.com,Bigender,90.110.46.57
453,Padriac,Wickmann,pwickmannck@latimes.com,Genderqueer,70.17.236.229
454,Glyn,Measen,gmeasencl@eepurl.com,Male,11.27.77.150
455,Timmy,Proffer,tproffercm@photobucket.com,Female,39.211.138.163
456,Wendall,Stansbury,wstansburycn@foxnews.com,Bigender,83.161.234.37
457,Marni,Kirkman,mkirkmanco@noaa.gov,Genderqueer,35.44.231.18
458,Enrica,Winpenny,ewinpennycp@jalbum.net,Polygender,229.153.151.61
459,Noby,Piperley,npiperleycq@usatoday.com,Agender,218.251.238.195
460,Chrisy,Aires,cairescr@stumbleupon.com,Agender,187.156.92.255
461,Thor,Reuther,treuthercs@tinypic.com,Bigender,12.78.255.206
462,Tedda,Leaton,tleatonct@webnode.com,Polygender,231.121.120.91
463,Graehme,Dimond,gdimondcu@shareasale.com,Genderqueer,138.216.143.194
464,Teodoor,Orleton,torletoncv@google.de,Genderfluid,148.90.224.38
465,Catlaina,Hopewell,chopewellcw@house.gov,Genderfluid,56.90.78.196
466,Romeo,Southan,rsouthancx@about.com,Polygender,197.53.177.43
467,Hannis,Hoopper,hhooppercy@soundcloud.com,Polygender,216.182.223.207
468,Luelle,Richin,lrichincz@businessinsider.com,Female,169.197.111.128
469,Mommy,Varnals,mvarnalsd0@slate.com,Bigender,139.89.74.195
470,Hymie,McLardie,hmclardied1@oaic.gov.au,Polygender,237.8.134.12
471,Gaelan,Simm,gsimmd2@imdb.com,Agender,192.38.168.243
472,Justinn,Scawn,jscawnd3@princeton.edu,Female,55.39.165.249
473,Currie,Grishanin,cgrishanind4@blinklist.com,Female,217.127.72.216
474,Sidonnie,Lafflin,slafflind5@privacy.gov.au,Polygender,106.49.93.27
475,Curtis,Knight,cknightd6@blogtalkradio.com,Polygender,175.134.41.192
476,Malorie,Shatliff,mshatliffd7@weibo.com,Female,158.227.188.156
477,Myrtice,Kemwall,mkemwalld8@japanpost.jp,Bigender,220.137.176.173
478,Johnath,Charon,jcharond9@people.com.cn,Agender,141.16.68.171
479,Nerissa,Kits,nkitsda@creativecommons.org,Bigender,202.229.151.0
480,Keelby,Christofe,kchristofedb@wired.com,Non-binary,52.225.179.194
481,Kermie,Hovel,khoveldc@adobe.com,Bigender,85.28.1.52
482,Sonnie,Dungay,sdungaydd@cbsnews.com,Genderqueer,74.238.149.32
483,Sheila,Dettmar,sdettmarde@wix.com,Genderfluid,197.114.186.182
484,Danita,Matyushonok,dmatyushonokdf@nps.gov,Female,189.209.193.107
485,Aloise,Tobin,atobindg@vk.com,Female,138.143.45.51
486,Gusella,Crowne,gcrownedh@e-recht24.de,Genderfluid,75.84.166.247
487,Elton,Boatright,eboatrightdi@dmoz.org,Polygender,129.246.62.227
488,Foss,Weeds,fweedsdj@desdev.cn,Genderfluid,160.59.129.6
489,Rafaellle,Gager,rgagerdk@networkadvertising.org,Non-binary,119.240.109.236
490,Cyndia,Almak,calmakdl@parallels.com,Non-binary,39.82.65.17
491,Weider,Bather,wbatherdm@topsy.com,Polygender,66.192.160.120
492,Tammy,Cullerne,tcullernedn@nps.gov,Bigender,200.126.77.77
493,Kira,Gunson,kgunsondo@1und1.de,Polygender,228.134.187.113
494,Rochell,Vickers,rvickersdp@miitbeian.gov.cn,Genderfluid,78.188.187.151
495,Batholomew,Puddicombe,bpuddicombedq@icq.com,Non-binary,62.98.101.71
496,Homer,Primak,hprimakdr@tamu.edu,Male,179.251.69.122
497,Bobine,Heaffey,bheaffeyds@epa.gov,Male,122.46.79.59
498,Rutter,Bray,rbraydt@soundcloud.com,Bigender,204.118.62.11
499,Valeria,Maciocia,vmaciociadu@google.cn,Bigender,240.235.92.84
500,Willa,Beckinsale,wbeckinsaledv@ifeng.com,Female,2.31.97.88
